Top queries,Clicks,Impressions,CTR,Position
lazy timer,3,6,50%,5.33
lazytimer,2,2,100%,1
breathing timer,0,17,0%,56.88
breath timer,0,5,0%,54
meditatie timer,0,5,0%,70.8
workout timer,0,2,0%,25
timed meditation,0,2,0%,34.5
online timer meditation,0,2,0%,38.5
breathing clock,0,2,0%,71.5
deep breath timer,0,1,0%,45
deep breathing timer,0,1,0%,46
breathing exercise timer,0,1,0%,50
physical meditation timer,0,1,0%,54
meditation timer,0,1,0%,70
online fitness timer,0,1,0%,77
flip focus timer for study,0,1,0%,80
fitness timer online,0,1,0%,86
focus to do pomodoro timer,0,1,0%,87
breathing timer online,0,1,0%,95
online timer for workout,0,1,0%,95